last_name,first_name,ssn,email
Fleming,Tina,619-16-7988,Tina.Fleming@gmail.com
Shah,Erica,164-51-7615,Erica.Shah@gmail.com
Ortiz,Paula,051-83-3290,Paula.Ortiz@gmail.com
Hendricks,James,776-83-2884,James.Hendricks@gmail.com
King,Lauren,197-94-2398,Lauren.King@gmail.com
Cowan,David,252-92-1832,David.Cowan@gmail.com
Burton,Andrew,296-23-6842,Andrew.Burton@gmail.com
Baker,Julian,337-40-7543,Julian.Baker@gmail.com
Castro,Scott,399-46-5595,Scott.Castro@gmail.com
Rodriguez,Billy,014-18-2503,Billy.Rodriguez@gmail.com
Leblanc,Darrell,005-82-7918,Darrell.Leblanc@gmail.com
Hammond,David,561-17-6312,David.Hammond@gmail.com
